{
    "key_fwd": {
        "conv3x3": 5.217089029199356e-08,
        "conv1x1": 4.0090592115912417e-07,
        "depthwise": 1.4064223378247948e-06,
        "linear": 9.427909055300295e-08
    },
    "key_bwd": {
        "conv3x3": 1.8648696410906732e-07,
        "conv1x1": 7.021192005725102e-07,
        "depthwise": 4.206953270268808e-06,
        "linear": 3.066307268280906e-07
    },
    "non_fwd": 1.4125627579195846e-06,
    "non_bwd": 7.304933196509979e-06
}