{
    "key_fwd": {
        "conv3x3": 3.6891806777513877e-09,
        "conv1x1": 1.875588558115331e-08,
        "depthwise": 1.3443501455003982e-07,
        "linear": 2.7722930440177152e-08
    },
    "key_bwd": {
        "conv3x3": 1.3569928230527711e-08,
        "conv1x1": 5.275913058632833e-08,
        "depthwise": 4.902080254726399e-07,
        "linear": 1.886295308395347e-07
    },
    "non_fwd": 1.9918287372482675e-07,
    "non_bwd": 1.1040427607997338e-06
}